entity,political_lean,rank_change,total_engagements,engagements_change,posts,avg_engagements,total_views,Non_Twitter_Views,platforms
LatinUS,Neutral,0,131319670,-36185741,1667,78776,2417163040,2417163040,[TikTok](https://www.tiktok.com/@latinus_us)
Daily Mail,Neutral,7,53166387,19784540,283,187867,683106652,683106652,[TikTok](https://www.tiktok.com/@dailymail)
CBS News,Neutral,5,49415379,15991423,829,59608,728394692,728394692,"[TikTok](https://tiktok.com/@cbsnews), [TikTok](https://www.tiktok.com/@cbs)"
BBC News,Neutral,-1,46168356,-27410200,727,63505,863889688,863889688,[TikTok](https://www.tiktok.com/@bbcnews)
CNN,Neutral,-1,41932745,-12754253,739,56743,779912800,779912800,[TikTok](https://tiktok.com/@cnn)
ABC News,Neutral,1,41153540,7633498,736,55915,580614429,580614429,[TikTok](https://www.tiktok.com/@abcnews)
Al Jazeera English,Neutral,-5,38412592,-38026186,931,41259,1072502932,1072502932,[TikTok](https://tiktok.com/@aljazeeraenglish)
Brut America,Neutral,6,37295745,13853155,266,140210,403227049,403227049,[TikTok](https://tiktok.com/@brutamerica)
NBC News,Neutral,1,36499435,4717595,639,57120,565225013,565225013,[TikTok](https://tiktok.com/@nbcnews)
Aaron Parnas,Left-Leaning,3,35484249,8835734,323,109858,290888341,290888341,[TikTok](https://tiktok.com/@aaronparnas1)
Fox News,Right-Leaning,-5,35241047,-2286394,584,60344,940381350,940381350,[TikTok](https://tiktok.com/@foxnews)
Dylan Page,Neutral,-7,30905526,-7152731,52,594337,275179403,275179403,[TikTok](https://www.tiktok.com/@dylan.page)
The Democrats,Left-Leaning,-2,25902180,-1590290,112,231269,153617472,153617472,[TikTok](https://tiktok.com/@democrats)
NowThis,Left-Leaning,1,22571981,697789,215,104986,188460609,188460609,[TikTok](https://www.tiktok.com/@nowthisimpact)
ABC7 LA,Neutral,1,19627770,-62655,340,57729,257589636,257589636,[TikTok](https://www.tiktok.com/@abc7la)
Univision Noticias,Neutral,10,19588860,12254401,474,41327,358056077,358056077,[TikTok](https://www.tiktok.com/@uninoticias)
ABC7 Chicago,Neutral,8,18507080,10918372,841,22006,286161714,286161714,[TikTok](https://www.tiktok.com/@abc7chicago)
The Late Show with Stephen Colbert,Left-Leaning,17,17365099,12701054,113,153673,118320093,118320093,[TikTok](https://www.tiktok.com/@colbertlateshow)
Courier,Left-Leaning,0,15484623,101257,253,61204,139361342,139361342,[TikTok](https://tiktok.com/@couriernewsroom)
NY Post,Right-Leaning,7,14745009,7537830,345,42739,281987817,281987817,[TikTok](https://www.tiktok.com/@nypost)
Carlos Eduardo Espina,Left-Leaning,-4,13806824,-2409079,659,20951,249876677,249876677,[TikTok](https://tiktok.com/@carlos_eduardo_espina)
The Associated Press (AP),Neutral,-4,13245276,-2472610,508,26073,424324764,424324764,[TikTok](https://tiktok.com/@apnews)
Reuters,Neutral,-1,12919627,2444532,380,33999,223886479,223886479,[TikTok](https://www.tiktok.com/@reuters)
Sky News,Neutral,-4,12476248,-1640590,774,16119,349323648,349323648,[TikTok](https://tiktok.com/@skynews)
The Daily Show,Left-Leaning,-4,12470632,1662326,113,110360,111440249,111440249,[TikTok](https://tiktok.com/@thedailyshow)
Headquarters,Left-Leaning,41,10963486,8577988,133,82432,72704992,72704992,[TikTok](https://www.tiktok.com/@headquarters)
Dean Withers,Left-Leaning,57,9965608,8249427,11,905964,68944603,68944603,[TikTok](https://www.tiktok.com/@itsdeaann)
PBS News Hour,Neutral,34,8663771,5887258,219,39561,84542066,84542066,[TikTok](https://tiktok.com/@pbsnews)
CTVNews,Neutral,13,8288315,4347058,378,21927,185455630,185455630,[TikTok](https://www.tiktok.com/@ctvnews)
The White House,Right-Leaning,-18,8159185,-18857754,82,99502,72301911,72301911,[TikTok](https://www.tiktok.com/@whitehouse)
ABC7NY,Neutral,3,8021307,2990846,342,23454,94913385,94913385,[TikTok](https://www.tiktok.com/@abc7ny)
NBC 5 Chicago,Neutral,57,7614392,5996603,254,29978,84013103,84013103,[TikTok](https://www.tiktok.com/@nbcchicago)
NBC South Florida,Neutral,8,6994616,2967113,195,35870,88699587,88699587,[TikTok](https://www.tiktok.com/@nbcsouthflorida)
Spencer Spencewuah,Left-Leaning,-3,6981442,1328801,58,120370,28574415,28574415,[TikTok](https://www.tiktok.com/@spencewuah)
CBS Evening News,Neutral,-5,6954437,587704,174,39968,86081235,86081235,[TikTok](https://tiktok.com/@cbseveningnews)
ABC World News Tonight,Neutral,3,6150193,1930221,188,32714,103685302,103685302,[TikTok](https://www.tiktok.com/@abcworldnews)
Kamala Harris,Left-Leaning,403,5796128,5739243,4,1449032,30020185,30020185,[TikTok](https://www.tiktok.com/@kamalaharris)
LiveNOW from FOX,Right-Leaning,-14,5450687,-3432706,170,32063,138406788,138406788,[TikTok](https://tiktok.com/@livenowfox)
Metro,Neutral,-16,5016947,-4352206,78,64320,107556926,107556926,[TikTok](https://tiktok.com/@metrouk)
NBC New York,Neutral,6,4739144,1251018,234,20253,47957883,47957883,[TikTok](https://www.tiktok.com/@nbcnewyork)
Under the Desk News,Left-Leaning,36,4504553,2461129,76,59270,26942097,26942097,[TikTok](https://tiktok.com/@underthedesknews)
The New York Times,Neutral,3,4477939,900218,197,22731,63562594,63562594,[TikTok](https://tiktok.com/@nytimes)
Cory Booker,Left-Leaning,-6,4357795,87572,174,25045,38505959,38505959,"[TikTok](https://www.tiktok.com/@senbooker), [TikTok](https://tiktok.com/@corybooker)"
MeidasTouch,Left-Leaning,14,4335002,1452811,160,27094,42409625,42409625,[TikTok](https://tiktok.com/@meidastouch)
News Nation,Neutral,35,4299694,2418288,345,12463,57566440,57566440,[TikTok](https://www.tiktok.com/@newsnationnow)
CBS Mornings,Neutral,-2,4184901,560611,425,9847,60227098,60227098,[TikTok](https://tiktok.com/@cbsmornings)
CSPAN,Neutral,31,4078141,2061244,247,16511,96305171,96305171,[TikTok](https://tiktok.com/@cspanofficial)
CBS Chicago,Neutral,20,4023284,1673919,275,14630,42204194,42204194,[TikTok](https://www.tiktok.com/@cbschicago)
MS NOW,Left-Leaning,5,4011795,969624,133,30164,64453262,64453262,[TikTok](https://www.tiktok.com/@msnow)
TizzyEnt,Left-Leaning,3,3991925,947268,51,78273,24190653,24190653,[TikTok](https://tiktok.com/@tizzyent)
The Public Take HQ,Left-Leaning,479,3738392,3710536,18,207688,16288413,16288413,[TikTok](https://www.tiktok.com/@thepublictakehq)
USA Today,Neutral,-12,3731245,-334952,282,13231,87854335,87854335,[TikTok](https://www.tiktok.com/@usatoday)
60 Minutes,Neutral,-15,3659099,-590741,169,21651,53654090,53654090,[TikTok](https://tiktok.com/@60minutes)
NBC 4 Los Angeles,Neutral,31,3607748,1944064,197,18313,51325663,51325663,[TikTok](https://www.tiktok.com/@nbcla)
Tucker Carlson,Right-Leaning,-12,3562578,-65133,59,60383,43429804,43429804,[TikTok](https://tiktok.com/@tuckercarlson)
Teacher Sandra,Neutral,,3533756,,33,107084,19300327,19300327,[TikTok](https://www.tiktok.com/@teachersandra03)
Team Trump,Right-Leaning,-29,3241946,-3797947,40,81049,40206190,40206190,[TikTok](https://www.tiktok.com/@teamtrump)
Middle East Eye,Neutral,3,3195437,411238,143,22346,44017979,44017979,[TikTok](https://www.tiktok.com/@middleeasteye)
Don Lemon,Left-Leaning,-8,3028953,-234252,161,18813,38988672,38988672,[TikTok](https://tiktok.com/@donlemon)
Meme Market,Left-Leaning,723,2984642,2981852,46,64884,11281481,11281481,[TikTok](https://www.tiktok.com/@meme.market67)
Philip DeFranco,Left-Leaning,29,2825356,1231292,59,47887,22783780,22783780,[TikTok](https://www.tiktok.com/@philipdefranco)
Tell Williams,Left-Leaning,25,2796902,1150744,47,59509,14133493,14133493,[TikTok](https://www.tiktok.com/@mrwilliamsprek)
Harry Sisson,Left-Leaning,0,2771606,3586,98,28282,22015193,22015193,[TikTok](https://tiktok.com/@harryjsisson)
Fox 5 NY,Neutral,45,2691874,1497799,285,9445,52354713,52354713,[TikTok](https://www.tiktok.com/@fox5newyork)
Time Magazine,Neutral,50,2688883,1567017,65,41367,23047136,23047136,[TikTok](https://www.tiktok.com/@time)
Fox & Friends,Right-Leaning,84,2664457,1961492,146,18250,48354555,48354555,[TikTok](https://www.tiktok.com/@foxandfriends)
AJ+,Left-Leaning,-34,2626517,-2615882,150,17510,33210375,33210375,[TikTok](https://www.tiktok.com/@ajplus)
Pink News,Left-Leaning,-2,2580493,146609,100,25805,26026352,26026352,[TikTok](https://tiktok.com/@pinknews)
Haley Metzger - Mayor Haley,Left-Leaning,176,2554986,2286764,13,196537,16053078,16053078,[TikTok](https://www.tiktok.com/@haley.metzger)
NBC 5 DFW,Neutral,221,2536661,2345083,85,29843,31030114,31030114,[TikTok](https://www.tiktok.com/@nbcdfw)
Isaiah Martin,Left-Leaning,31,2414401,1083596,98,24637,16813382,16813382,[TikTok](https://tiktok.com/@isaiahrmartin)
The Independent,Neutral,-43,2395559,-4517081,271,8840,47755821,47755821,[TikTok](https://www.tiktok.com/@independent)
CBS LA,Neutral,3,2390269,326433,199,12011,34093481,34093481,[TikTok](https://www.tiktok.com/@cbsla)
Benjamín Zamora,Neutral,-3,2295113,93997,173,13267,42280872,42280872,[TikTok](https://tiktok.com/@benjaminzamoratv)
Candace Owens,Right-Leaning,-43,2285493,-3029486,24,95229,19430120,19430120,[TikTok](https://www.tiktok.com/@candaceoshow)
NBC Bay Area,Neutral,5,2251575,371406,343,6564,29911281,29911281,[TikTok](https://www.tiktok.com/@nbcbayarea)
Greg Johnstone,Left-Leaning,5,2185568,308871,29,75364,12098479,12098479,[TikTok](https://tiktok.com/@johnstone.gregory)
Gavin Newsom,Left-Leaning,-23,2178526,-850225,28,77805,14827976,14827976,"[TikTok](https://www.tiktok.com/@cagovernor), [TikTok](https://www.tiktok.com/@gavinnewsom)"
Sara Jacobs,Left-Leaning,323,2060065,1983472,14,147148,13293437,13293437,[TikTok](https://www.tiktok.com/@repsarajacobs)
Trevor Noah,Left-Leaning,-11,1982778,-277029,75,26437,21675521,21675521,[TikTok](https://www.tiktok.com/@trevornoah)
Brian Tyler Cohen,Left-Leaning,24,1934291,664266,99,19538,23034902,23034902,[TikTok](https://tiktok.com/@briantylercohen)
Crooked Media,Left-Leaning,16,1742447,338777,139,12536,21184177,21184177,"[TikTok](https://tiktok.com/@crookedmedia), [TikTok](https://www.tiktok.com/@realpodsaveamerica), [TikTok](https://www.tiktok.com/@itsalexwagner)"
David Pakman Show,Left-Leaning,12,1707957,281524,218,7835,22410341,22410341,[TikTok](https://tiktok.com/@davidpakmanshow)
Gaydar,Left-Leaning,19,1683509,376080,22,76523,7347563,7347563,[TikTok](https://www.tiktok.com/@gaydar.show)
Eumie Michelle,Left-Leaning,7,1585121,29937,23,68918,7530636,7530636,[TikTok](https://www.tiktok.com/@eumiexx)
Newsweek,Neutral,-22,1584973,-1069354,360,4403,40221271,40221271,[TikTok](https://tiktok.com/@newsweek)
I've Had It Podcast,Left-Leaning,310,1549670,1470517,20,77484,8068993,8068993,[TikTok](https://www.tiktok.com/@ivehaditpodcast)
Josh Greene - Josh the Progressive,Left-Leaning,39,1545018,646399,128,12070,11317739,11317739,"[TikTok](https://tiktok.com/@peacefulprogressive), [TikTok](https://www.tiktok.com/@joshtheprogressive)"
Elijah - elijaaahhhhe,Left-Leaning,-40,1494238,-1860011,82,18222,7011700,7011700,[TikTok](https://www.tiktok.com/@elijaaahhhhe)
Alex Pearlman,Left-Leaning,-38,1490318,-1678917,29,51390,7214645,7214645,[TikTok](https://tiktok.com/@pearlmania500)
Andr3wsky,Left-Leaning,-12,1487603,-396608,24,61983,6388191,6388191,[TikTok](https://www.tiktok.com/@andr3wsky)
Edits Of Our Times,Left-Leaning,653,1485140,1481041,13,114242,6075812,6075812,[TikTok](https://www.tiktok.com/@editsofourtimes)
ABC News Live,Neutral,-28,1484943,-1150560,287,5174,16888901,16888901,[TikTok](https://tiktok.com/@abcnewslive)
FOX 9 | KMSP Minneapolis,Neutral,86,1473734,989427,109,13520,37792354,37792354,[TikTok](https://www.tiktok.com/@fox9mn)
Amanda Tietz,Left-Leaning,-1,1468233,25512,37,39682,8048675,8048675,[TikTok](https://www.tiktok.com/@pottymouthpollyanna)
Matt Bernstein,Left-Leaning,79,1463430,957250,7,209061,6973342,6973342,[TikTok](https://tiktok.com/@mattxiv)
Your Favorite Guy,Left-Leaning,-40,1460191,-1430117,46,31743,6815371,6815371,[TikTok](https://tiktok.com/@yourfavoriteguy)
Kai Trump,Right-Leaning,106,1438667,1059901,20,71933,17037624,17037624,[TikTok](https://www.tiktok.com/@thekaitrumpgolfer)
Xaviaer DuRousseau,Right-Leaning,-51,1412586,-1945705,22,64208,11087567,11087567,[TikTok](https://www.tiktok.com/@xaviaer)
Matt & Justus,Left-Leaning,63,1411262,835637,8,176408,13649335,13649335,[TikTok](https://www.tiktok.com/@mattandjustusofficial)
Nick Shirley,Right-Leaning,6,1365609,111911,7,195087,9023892,9023892,[TikTok](https://www.tiktok.com/@nickshirleyy)
The Recount,Left-Leaning,24,1358712,459169,78,17419,13937810,13937810,[TikTok](https://tiktok.com/@therecount)
Lisandra Vazquez,Left-Leaning,17,1345238,309628,50,26905,7114838,7114838,[TikTok](https://tiktok.com/@lisandravcomedy)
Daily Wire,Right-Leaning,-44,1318829,-1522279,34,38789,12362468,12362468,[TikTok](https://tiktok.com/@dailywire)
Christian Maldonado,Left-Leaning,-12,1314703,-173134,10,131470,7733440,7733440,[TikTok](https://tiktok.com/@christianjmaldonado)
CNBC,Neutral,-33,1281830,-897736,716,1790,49023926,49023926,"[TikTok](https://tiktok.com/@cnbc), [TikTok](https://www.tiktok.com/@cnbc)"
CBS Texas,Neutral,151,1263603,1026635,198,6382,24195692,24195692,[TikTok](https://www.tiktok.com/@cbsnewstexas)
CBS New York,Neutral,131,1241766,952506,115,10798,15859209,15859209,[TikTok](https://www.tiktok.com/@cbsnewyork)
Alicia Luncheon,Left-Leaning,15,1220827,294004,35,34881,8074537,8074537,[TikTok](https://tiktok.com/@theluncheonlawyer)
Lisa Remillard,Neutral,-10,1213330,-171827,25,48533,9364880,9364880,[TikTok](https://tiktok.com/@lisaremillard)
Andra Berghoff,Left-Leaning,38,1184755,464393,69,17170,8908110,8908110,[TikTok](https://tiktok.com/@hopeyoufindyourdad)
Congress Watch Daily,Left-Leaning,573,1168464,1161495,30,38949,7709596,7709596,[TikTok](https://www.tiktok.com/@congresswatchdaily)
Telemundo Miami,Neutral,61,1134411,619584,76,14926,36806347,36806347,[TikTok](https://www.tiktok.com/@telemundo51miami)
Jesse Watters,Right-Leaning,43,1119829,479521,86,13021,17139170,17139170,[TikTok](https://tiktok.com/@jessebwatters)
More Perfect Union,Left-Leaning,20,1102412,296740,73,15102,10779279,10779279,[TikTok](https://tiktok.com/@moreperfectunion)
The Older Millennial,Right-Leaning,-41,1088602,-980705,119,9148,6723794,6723794,[TikTok](https://www.tiktok.com/@theoldermillennial)
Hal for NY,Left-Leaning,2,1084858,20907,99,10958,18479505,18479505,[TikTok](https://www.tiktok.com/@hal_for_ny__)
The News Movement,Neutral,364,1057512,1013251,178,5941,18566746,18566746,[TikTok](https://www.tiktok.com/@thenewsmovement)
Koch Head,Left-Leaning,129,1045636,784693,72,14523,8498638,8498638,[TikTok](https://tiktok.com/@kochead)
Dr. Zachary Rubin,Neutral,23,1042825,288403,63,16553,9769887,9769887,[TikTok](https://www.tiktok.com/@rubin_allergy)
CTV Your Morning,Neutral,34,1034970,376665,102,10147,17099072,17099072,[TikTok](https://www.tiktok.com/@yourmorningctv)
Hawk Podcast,Left-Leaning,-21,1013488,-332765,207,4896,6945649,6945649,[TikTok](https://tiktok.com/@mdg650hawk7thacct)
Wired,Neutral,117,983700,699667,62,15866,7123148,7123148,[TikTok](https://www.tiktok.com/@wired)
Dannie D,Left-Leaning,5,977784,89709,159,6150,6894479,6894479,[TikTok](https://tiktok.com/@dannied01)
Total Hypocrisy,Left-Leaning,-42,976456,-846400,197,4957,7177011,7177011,[TikTok](https://www.tiktok.com/@totalhypocrisy)
Zeteo,Left-Leaning,81,972849,602012,158,6157,7579724,7579724,[TikTok](https://www.tiktok.com/@zeteonews)
ADIV,Left-Leaning,336,965664,915043,44,21947,4394914,4394914,[TikTok](https://www.tiktok.com/@adivunsolicited)
King 5 Seattle,Neutral,42,960440,425486,784,1225,15946125,15946125,[TikTok](https://www.tiktok.com/@king5news)
Turning Point USA,Right-Leaning,-23,958479,-298080,42,22821,9445349,9445349,[TikTok](https://www.tiktok.com/@turningpointusaofficial)
NBC Washington,Neutral,-42,957448,-675781,190,5039,18752333,18752333,[TikTok](https://www.tiktok.com/@nbcwashington)
Ro Khanna,Left-Leaning,186,928078,771802,27,34373,4973635,4973635,"[TikTok](https://www.tiktok.com/@reprokhanna), [TikTok](https://tiktok.com/@rokhannausa)"
SimpleBlackTheory,Left-Leaning,123,888513,642814,9,98724,6082288,6082288,[TikTok](https://www.tiktok.com/@simpleblacktheory)
Good Trouble - Sam Rosenholtz,Left-Leaning,-10,887079,-52849,50,17742,5663743,5663743,[TikTok](https://www.tiktok.com/@goodtrouble_)
Dr. Jennifer Lincoln,Left-Leaning,258,829450,746248,10,82945,3935279,3935279,[TikTok](https://www.tiktok.com/@drjenniferlincoln)
Ashley St. Clair,Right-Leaning,,828634,,53,15635,7984099,7984099,[TikTok](https://www.tiktok.com/@ashstc)
Brenna Pérez,Left-Leaning,79,823857,480617,29,28409,5554937,5554937,[TikTok](https://www.tiktok.com/@perezbrenna)
Brad Doggett,Left-Leaning,5,823627,60832,16,51477,4819918,4819918,[TikTok](https://www.tiktok.com/@brad.doggett)
Turning Point Action,Right-Leaning,26,820610,245838,76,10797,7858845,7858845,[TikTok](https://www.tiktok.com/@tpaction_)
The Wall Street Journal,Neutral,-2,820333,17062,49,16741,13841981,13841981,[TikTok](https://www.tiktok.com/@wallstreetjournal)
The National Desk,Right-Leaning,-23,807283,-266441,476,1696,19366088,19366088,[TikTok](https://www.tiktok.com/@tndtok)
KARE 11 Minneapolis,Neutral,100,802373,518792,664,1208,17194179,17194179,[TikTok](https://www.tiktok.com/@kare11news)
John Neely Kennedy,Right-Leaning,,797205,,4,199301,4748036,4748036,[TikTok](https://www.tiktok.com/@senjohnkennedy)
Johnny Palmadessa,Left-Leaning,10,789539,120968,76,10389,7737669,7737669,[TikTok](https://tiktok.com/@johnnypalmadessa)
Trish Regan,Right-Leaning,28,786133,268201,212,3708,10777085,10777085,[TikTok](https://www.tiktok.com/@trishregan)
HuffPost,Left-Leaning,107,767986,517523,38,20210,9472292,9472292,[TikTok](https://www.tiktok.com/@huffpost)
Donald Trump,Right-Leaning,-1,766467,23724,3,255489,18774949,18774949,[TikTok](https://www.tiktok.com/@realdonaldtrump)
Tucker Carlson Network,Right-Leaning,-37,764854,-403432,77,9933,9655289,9655289,[TikTok](https://www.tiktok.com/@tuckercarlsonnetwork)
Andre White,Left-Leaning,-101,764679,-2700215,16,47792,3816030,3816030,[TikTok](https://tiktok.com/@blackkout___)
Silent Middle Child,Left-Leaning,-1,757831,32196,22,34447,4661834,4661834,[TikTok](https://www.tiktok.com/@silentmiddlechild/video)
Thiqydusty,Left-Leaning,-16,752861,-67988,83,9071,3415681,3415681,[TikTok](https://www.tiktok.com/@thiqydusty)
WCCO CBS News Minnesota,Neutral,126,746954,531593,100,7470,15018367,15018367,[TikTok](https://www.tiktok.com/@wcconews)
Braedon Sorbo,Right-Leaning,-40,742130,-393820,58,12795,4557424,4557424,[TikTok](https://www.tiktok.com/@braedensorbo)
Adam Mockler,Left-Leaning,-22,741913,-115749,98,7571,10974983,10974983,[TikTok](https://tiktok.com/@adammockler)
The Krassensteins,Left-Leaning,-14,735871,-57804,142,5182,14514285,14514285,[TikTok](https://www.tiktok.com/@krassenstein)
Dave Jorgenson,Neutral,-25,732585,-134674,20,36629,4746834,4746834,[TikTok](https://www.tiktok.com/@davejorgenson)
Grace Unfiltered,Right-Leaning,-20,731255,-74092,82,8918,5244616,5244616,[TikTok](https://www.tiktok.com/@_thatonefitguy92)
The Tennessee Holler,Left-Leaning,86,723314,442801,334,2166,5817427,5817427,[TikTok](https://www.tiktok.com/@thetnholler)
Jess Craven,Left-Leaning,93,710256,459598,92,7720,4112408,4112408,[TikTok](https://tiktok.com/@jesscraven101)
Doxielvr,Right-Leaning,-15,709823,-43781,134,5297,3470936,3470936,[TikTok](https://www.tiktok.com/@doxielvr)
Amanda Nelson - Amanda's Mild Takes,Left-Leaning,-13,703871,-34089,76,9261,3379265,3379265,[TikTok](https://www.tiktok.com/@amandasmildtakes)
The Haunted Side,Right-Leaning,378,695834,670136,164,4243,17702658,17702658,[TikTok](https://www.tiktok.com/@thehauntedside)
Democratic Governors Association (DGA),Left-Leaning,118,679913,470147,43,15812,3225055,3225055,[TikTok](https://tiktok.com/@demgovs)
AngryMaleVet,Left-Leaning,-49,675427,-453224,164,4118,5361084,5361084,[TikTok](https://www.tiktok.com/@angrymalevet)
Allie O’Brien,Left-Leaning,7,670851,139858,14,47918,2472100,2472100,[TikTok](https://tiktok.com/@allie_202_)
Will Cain,Right-Leaning,57,669438,336693,636,1053,8234811,8234811,[TikTok](https://www.tiktok.com/@willcainshow)
Bloomberg Politics,Neutral,-34,669190,-176962,159,4209,30539319,30539319,[TikTok](https://tiktok.com/@bloombergpolitics)
Lost In The Mix,Left-Leaning,,668212,,44,15187,5143833,5143833,[TikTok](https://www.tiktok.com/@lostinthemixxx)
Hasan Piker,Left-Leaning,-57,652228,-485673,24,27176,4605832,4605832,[TikTok](https://www.tiktok.com/@hasandpiker)
Ohhh That’s Rich,Left-Leaning,36,648177,272997,35,18519,3761772,3761772,[TikTok](https://www.tiktok.com/@ohhthatsrich)
NBC10 Boston,Neutral,-48,645423,-335493,82,7871,7905896,7905896,[TikTok](https://www.tiktok.com/@nbc10boston)
Bernie Sanders,Left-Leaning,63,641310,333733,46,13942,6662251,6662251,"[TikTok](https://www.tiktok.com/@sensanders), [TikTok](https://www.tiktok.com/@bernie)"
Hertraline,Left-Leaning,508,631685,624487,45,14037,5913757,5913757,[TikTok](https://www.tiktok.com/@hertraline)
The Real Cornpop,Left-Leaning,-99,631132,-1522293,106,5954,4741033,4741033,[TikTok](https://www.tiktok.com/@therealcornpop)
HearMeOutOnThis,Left-Leaning,-46,627386,-265703,175,3585,4150304,4150304,[TikTok](https://www.tiktok.com/@realprogressive11)
Melanie Stansbury,Left-Leaning,-21,626990,-34252,73,8589,3650403,3650403,[TikTok](https://tiktok.com/@repstansbury)
Politico Mexico,Neutral,-35,603487,-180322,270,2235,13357633,13357633,[TikTok](https://tiktok.com/@politicomx)
The Economist,Neutral,-64,589170,-542916,33,17854,9852863,9852863,[TikTok](https://www.tiktok.com/@theeconomist)
CortlenFixesEverything,Left-Leaning,-40,572503,-228263,26,22019,2730921,2730921,[TikTok](https://www.tiktok.com/@cortlenfixeseverything)
letsdiscusssomething,Left-Leaning,-28,562350,-133814,28,20084,3000354,3000354,[TikTok](https://www.tiktok.com/@letsdiscusssomething)
NPR,Neutral,-108,561578,-1629927,137,4099,6226201,6226201,[TikTok](https://www.tiktok.com/@npr)
Yahoo Finance,Neutral,-60,556624,-442039,146,3812,14410942,14410942,[TikTok](https://tiktok.com/@yahoofinance)
KDFW FOX 4 (Dallas-Fort Worth Fox),Neutral,-126,553616,-2408047,38,14569,11918856,11918856,[TikTok](https://www.tiktok.com/@fox4newsdallasfortworth)
CFH Unfiltered,Left-Leaning,13,551986,132041,13,42460,5138024,5138024,[TikTok](https://tiktok.com/@cfh.unfiltered)
The Guardian,Neutral,0,545706,77844,85,6420,9931139,9931139,[TikTok](https://www.tiktok.com/@guardian)
TalkUrShxxtNene,Left-Leaning,104,539822,346370,68,7939,3107875,3107875,[TikTok](https://www.tiktok.com/@jusnene)
Morgan,Left-Leaning,40,525657,207116,39,13478,1949774,1949774,[TikTok](https://www.tiktok.com/@morga_tt)
Alex Daily (The Daily Flub),Right-Leaning,19,523105,151490,43,12165,6930081,6930081,[TikTok](https://www.tiktok.com/@thedailyflub)
Devin (uniting now),Left-Leaning,-42,521831,-216981,179,2915,5912201,5912201,[TikTok](https://www.tiktok.com/@unitingnow)
The Arizona Republic,Neutral,81,520786,300077,145,3592,4326454,4326454,[TikTok](https://www.tiktok.com/@azcentral)
The Justice Guy,Left-Leaning,72,511869,277210,64,7998,5070073,5070073,[TikTok](https://www.tiktok.com/@matteo_il_pazzeo)
FOX 13 Tampa Bay,Neutral,125,511450,354902,16,31966,4356194,4356194,[TikTok](https://www.tiktok.com/@fox13tampabay)
Leigh McGowan,Left-Leaning,-15,508765,16787,23,22120,2304926,2304926,[TikTok](https://tiktok.com/@iampoliticsgirl)
Bloomberg Business,Neutral,94,480036,283105,96,5000,8034757,8034757,[TikTok](https://www.tiktok.com/@bloombergbusiness)
Conscious Lee - George Lee Jr,Left-Leaning,5,477004,72321,81,5889,2362506,2362506,[TikTok](https://www.tiktok.com/@theconsciouslee)
Johnpaulkingusa,Right-Leaning,-36,475148,-130263,174,2731,5200697,5200697,[TikTok](https://www.tiktok.com/@johnpaulkingusa)
Zohare,Left-Leaning,1,472099,59307,22,21459,2589225,2589225,[TikTok](https://www.tiktok.com/@rudaleh/video/7550406316120902925)
Megyn Kelly,Right-Leaning,15,468103,119807,69,6784,12513064,12513064,[TikTok](https://www.tiktok.com/@megynkellyshow)
Ding News,Right-Leaning,-102,467840,-957448,27,17327,4132319,4132319,[TikTok](https://www.tiktok.com/@dingnewscorp)
Cody Dahler,Left-Leaning,-60,464858,-334765,7,66408,2324294,2324294,[TikTok](https://www.tiktok.com/@mrcodydahler)
Riley Gaines Barker,Right-Leaning,83,462713,255337,9,51413,3848591,3848591,[TikTok](https://www.tiktok.com/@rileygaines)
ItsLuke,Left-Leaning,-10,454047,17171,13,34927,1668616,1668616,[TikTok](https://www.tiktok.com/@itsluke7)
The Speaker Is Weird,Left-Leaning,-84,448189,-624849,18,24899,1389511,1389511,[TikTok](https://www.tiktok.com/@thespeakerisweird)
Gina Hinojosa,Left-Leaning,118,445943,296833,19,23471,2876770,2876770,[TikTok](https://www.tiktok.com/@ginafortexas)
Maggie Reed,Left-Leaning,-37,445320,-106799,74,6018,2111193,2111193,[TikTok](https://tiktok.com/@mermaidmamamaggie)
TRT World,Neutral,-26,435602,-54300,184,2367,6577355,6577355,[TikTok](https://www.tiktok.com/@trtworld)
Pastor Paul Drees,Left-Leaning,40,434343,167120,13,33411,1908098,1908098,[TikTok](https://www.tiktok.com/@pastorpauldrees)
Millennial Mia,Left-Leaning,18,432929,114023,125,3463,4288039,4288039,[TikTok](https://www.tiktok.com/@millennial.mia)
Yahoo News,Neutral,119,429983,287374,49,8775,12741228,12741228,[TikTok](https://www.tiktok.com/@yahoonews)
Robert Reich,Left-Leaning,145,427655,312373,30,14255,3131710,3131710,[TikTok](https://tiktok.com/@rbreich)
Thee Black Daily,Left-Leaning,-119,426931,-1164168,78,5473,2448347,2448347,[TikTok](https://www.tiktok.com/@theeblackdaily)
Joe Neguse,Left-Leaning,362,424209,406138,2,212105,2751500,2751500,[TikTok](https://www.tiktok.com/@repjoeneguse)
NYT Opinion,Neutral,11,423773,103908,28,15135,4167818,4167818,[TikTok](https://www.tiktok.com/@nytopinion)
Marcus DiPaola,Neutral,-109,421862,-872677,21,20089,3412027,3412027,[TikTok](https://tiktok.com/@marcus.dipaola)
CBS Philadelphia,Neutral,-3,420263,62816,212,1982,10119511,10119511,[TikTok](https://www.tiktok.com/@cbsphiladelphia)
Pullups Pasta Politics,Left-Leaning,-49,413652,-140965,127,3257,3464928,3464928,[TikTok](https://www.tiktok.com/@pullupspastapolitics)
Nessa Diosdado,Left-Leaning,-6,396176,34356,38,10426,2327832,2327832,[TikTok](https://www.tiktok.com/@nessadiosdado)
Face the Nation,Neutral,-131,390234,-1257760,132,2956,12332656,12332656,[TikTok](https://tiktok.com/@facethenation)
Clay (What in Claynation),Left-Leaning,-5,382856,36351,147,2604,3767374,3767374,[TikTok](https://www.tiktok.com/@whatinclaynation)
BloxCast,Neutral,-58,380795,-199091,50,7616,2746743,2746743,[TikTok](https://www.tiktok.com/@bloxcast_)
Saadia Mirza,Left-Leaning,272,364516,325358,20,18226,2619150,2619150,[TikTok](https://tiktok.com/@saadia___m)
Claudio Vallejo,Left-Leaning,74,360506,183764,38,9487,2558772,2558772,[TikTok](https://tiktok.com/@whatsupcv)
Heidy Torres,Left-Leaning,-33,356825,-95928,106,3366,5243252,5243252,[TikTok](https://tiktok.com/@heidytorr)
Live Action,Right-Leaning,-20,355161,-30440,69,5147,3606754,3606754,[TikTok](https://www.tiktok.com/@liveactionorg)
Piers Morgan Uncensored,Right-Leaning,-59,352424,-211066,34,10365,8714181,8714181,[TikTok](https://www.tiktok.com/@piersmorganuncensored)
Kate Glavan,Left-Leaning,246,341472,293954,85,4017,2579747,2579747,[TikTok](https://www.tiktok.com/@kateglavan)
Danielle Ann,Left-Leaning,-5,340485,7717,88,3869,1392329,1392329,[TikTok](https://tiktok.com/@chasingoz)
Alyssa Barber,Left-Leaning,1,340046,23153,12,28337,1124475,1124475,[TikTok](https://tiktok.com/@newlifestyleabb)
Commonsense Revolution,Left-Leaning,87,339788,181522,16,21237,1587573,1587573,[TikTok](https://www.tiktok.com/@commonsenserevolution)
Barrie Rose,Left-Leaning,260,338032,298578,7,48290,3360861,3360861,[TikTok](https://tiktok.com/@barrierose)
Joe Hubbard,Left-Leaning,0,338016,24270,25,13521,2002506,2002506,[TikTok](https://www.tiktok.com/@joe_hubbard)
The Five,Right-Leaning,278,334364,300825,64,5224,4384831,4384831,[TikTok](https://www.tiktok.com/@thefive)
Chris Mowrey,Left-Leaning,42,331004,112152,12,27584,1409835,1409835,[TikTok](https://www.tiktok.com/@chrisdmowrey)
Clarkson Lawson,Right-Leaning,-35,330915,-81261,9,36768,2036563,2036563,[TikTok](https://tiktok.com/@clarksonlawson)
The Moderate Case,Right-Leaning,-56,329672,-160989,64,5151,3467425,3467425,[TikTok](https://www.tiktok.com/@themoderatecase)
Human Rights Campaign,Left-Leaning,154,326985,239968,38,8605,2316357,2316357,[TikTok](https://tiktok.com/@humanrightscampaign)
Liz Oyer,Left-Leaning,8,323162,51433,15,21544,1500747,1500747,[TikTok](https://www.tiktok.com/@lawyer.oyer)
Drinkable Bryan,Left-Leaning,71,322414,156791,10,32241,1344722,1344722,[TikTok](https://www.tiktok.com/@drinkablebryan)
Alexis and Dean,Neutral,-141,321913,-1095686,31,10384,5770443,5770443,[TikTok](https://www.tiktok.com/@alexisanddean)
James Talarico,Left-Leaning,-203,316331,-4330686,23,13754,1794351,1794351,"[TikTok](https://www.tiktok.com/@teamtalaricohq), [TikTok](https://www.tiktok.com/@jamestalarico)"
Protect Our Care,Left-Leaning,285,315807,286213,37,8535,1979143,1979143,[TikTok](https://tiktok.com/@protectourcare)
James Ray (jamesgetpolitical),Left-Leaning,-55,314125,-149467,32,9816,1249935,1249935,[TikTok](https://www.tiktok.com/@jamesgetspolitical)
James Ray,Left-Leaning,-55,314125,-149467,32,9816,1249935,1249935,[TikTok](https://tiktok.com/@jamesgetspolitical)
Dash Dobrofsky,Left-Leaning,,313837,,10,31384,1812827,1812827,[TikTok](https://www.tiktok.com/@dashdobrofsky)
rationalboomer,Left-Leaning,-26,309445,-24061,202,1532,2584068,2584068,[TikTok](https://www.tiktok.com/@rationalboomer)
CAP Action,Left-Leaning,37,305486,98025,13,23499,1939219,1939219,[TikTok](https://tiktok.com/@fightforprogress)
Brett Cooper,Right-Leaning,119,304902,203797,19,16047,2905302,2905302,[TikTok](https://tiktok.com/@brettcooper_)
Rachel Scott,Neutral,353,304778,289457,18,16932,2980839,2980839,[TikTok](https://www.tiktok.com/@itsrachelscott)
Michael Foote,Left-Leaning,-178,301916,-1926652,32,9435,1378539,1378539,[TikTok](https://www.tiktok.com/@michael_foote_)
Ian Lightfoot,Left-Leaning,71,298281,147967,34,8773,1252133,1252133,[TikTok](https://www.tiktok.com/@ianllightfoot)
ACLU,Left-Leaning,64,296480,137929,59,5025,2028611,2028611,[TikTok](https://www.tiktok.com/@aclu)
Ronan Farrow,Neutral,,293090,,3,97697,1942988,1942988,[TikTok](https://www.tiktok.com/@theronanfarrow)
Patrick Bet-David,Right-Leaning,-90,289523,-289105,96,3016,5617970,5617970,[TikTok](https://www.tiktok.com/@patrickbetdavid)
Dan Bongino,Right-Leaning,-44,288081,-74622,83,3471,2781664,2781664,[TikTok](https://www.tiktok.com/@danbonginox)
Charlie Kirk,Right-Leaning,-38,287382,-54609,5,57476,3731000,3731000,[TikTok](https://www.tiktok.com/@thecharliekirkshow)
Fox 13 Seattle,Neutral,18,285935,66674,84,3404,4600319,4600319,[TikTok](https://www.tiktok.com/@fox13seattle)
Kylie Brewer,Left-Leaning,442,279383,273105,38,7352,1920989,1920989,[TikTok](https://www.tiktok.com/@kylie.brewer)
Nick Muller,Left-Leaning,-62,277657,-144692,38,7307,1524587,1524587,[TikTok](https://www.tiktok.com/@nickmuller703)
Pissed Magistus,Left-Leaning,9,273256,49349,18,15181,1735059,1735059,[TikTok](https://www.tiktok.com/@pissedmagistus)
Kaitlyn Hennessy,Left-Leaning,45,272986,105545,143,1909,2340646,2340646,[TikTok](https://www.tiktok.com/@kaitlynhennessy)
Adam Schiff,Left-Leaning,50,269927,107010,36,7498,3187955,3187955,"[TikTok](https://www.tiktok.com/@adamschiff), [TikTok](https://www.tiktok.com/@senadamschiff)"
Walter Masterson,Left-Leaning,2,265054,31356,13,20389,1803712,1803712,[TikTok](https://www.tiktok.com/@waltermasterson)
WTHR Indianapolis,Neutral,7,263558,42147,371,710,5146305,5146305,[TikTok](https://www.tiktok.com/@wthrcom)
Taterbanditnews,Right-Leaning,75,261929,130537,40,6548,1117282,1117282,[TikTok](https://www.tiktok.com/@sassholehitman)
Nigel Farage,Right-Leaning,99,261722,154946,18,14540,3475232,3475232,[TikTok](https://www.tiktok.com/@nigel_farage)
Moon Media,Neutral,216,260755,216385,61,4275,3528226,3528226,[TikTok](https://www.tiktok.com/@moonmedia.pro)
Los Angeles Times,Neutral,-12,260206,11738,87,2991,3606426,3606426,[TikTok](https://www.tiktok.com/@latimes)
Meghan Elinor,Right-Leaning,114,257731,166057,68,3790,2018171,2018171,[TikTok](https://www.tiktok.com/@meghanelinor)
Atlanta News First,Neutral,192,255960,204366,39,6563,1896901,1896901,[TikTok](https://www.tiktok.com/@atlantanewsfirst)
The Aravosis Report,Left-Leaning,-88,253536,-224685,34,7457,3867551,3867551,[TikTok](https://tiktok.com/@aravosis)
Informed It Girls,Left-Leaning,402,252983,245346,31,8161,1456866,1456866,[TikTok](https://www.tiktok.com/@informed.it.girls)
RaeShanda Lias,Left-Leaning,191,252638,201855,16,15790,1027258,1027258,[TikTok](https://www.tiktok.com/@shopaif)
Just Peachy (patrioticpeach),Right-Leaning,-39,249716,-60082,23,10857,1690278,1690278,[TikTok](https://www.tiktok.com/@politipeach)
Jessica Valenti,Left-Leaning,210,246571,202352,7,35224,1010114,1010114,[TikTok](https://www.tiktok.com/@auntiekilljoy)
Climate Defiance,Left-Leaning,549,246052,244222,42,5858,1360943,1360943,[TikTok](https://www.tiktok.com/@climatedefiance)
Eric Burnett,Left-Leaning,-37,238745,-60438,18,13264,1406212,1406212,[TikTok](https://www.tiktok.com/@dr.eric.b)
Mrs. Frazzled,Left-Leaning,57,232380,95720,63,3689,1908711,1908711,[TikTok](https://www.tiktok.com/@mrs.frazzled)
Black Love In Media,Left-Leaning,22,231647,60474,44,5265,1407935,1407935,[TikTok](https://www.tiktok.com/@blackloveinmedia)
Whitney Roberts,Left-Leaning,152,231562,171819,48,4824,1170043,1170043,[TikTok](https://www.tiktok.com/@thewokemama)
Maria Comstock,Left-Leaning,-85,230591,-199335,23,10026,1742128,1742128,"[TikTok](https://www.tiktok.com/@possiblymaria), [TikTok](https://www.tiktok.com/@mariaisabellecomstock)"
Isabel Brown,Right-Leaning,-48,217077,-93737,36,6030,1622766,1622766,[TikTok](https://tiktok.com/@theisabelbrown)
Nathan Jun,Left-Leaning,-121,216657,-366537,29,7471,1410794,1410794,[TikTok](https://www.tiktok.com/@nathancjun)
Suzanne Lambert,Left-Leaning,2,214029,9292,40,5351,1175169,1175169,[TikTok](https://www.tiktok.com/@itssuzannelambert)
Cheddar,Neutral,644,213643,213101,25,8546,5465001,5465001,[TikTok](https://www.tiktok.com/@cheddar)
"Joe ""Pags"" Pagliarulo",Right-Leaning,18,210260,41468,34,6184,1638127,1638127,[TikTok](https://www.tiktok.com/@joepags)
Dr. Tommy Martin,Neutral,27,208763,48491,86,2427,4253694,4253694,[TikTok](https://www.tiktok.com/@dr.tommymartin)
BreakThrough News,Left-Leaning,17,207607,39883,124,1674,2077241,2077241,[TikTok](https://www.tiktok.com/@btnewsroom)
Justin Pearson,Left-Leaning,529,204765,202764,5,40953,736790,736790,[TikTok](https://www.tiktok.com/@realjustinjpearson)
impactforgood_,Left-Leaning,540,203108,201467,7,29015,1217313,1217313,[TikTok](https://tiktok.com/@impactforgood_)
Channel 5 with Andrew Callaghan,Left-Leaning,-69,202165,-130797,30,6739,1532096,1532096,[TikTok](https://www.tiktok.com/@channel5tiktok)
Abdalkarim,Neutral,-9,202076,-7221,19,10636,377506,377506,[TikTok](https://www.tiktok.com/@heyitsmeagainguys)
Wear The Peace,Neutral,-30,201880,-33861,31,6512,1836517,1836517,[TikTok](https://www.tiktok.com/@wearthepeaceco)
No Nonsense Spirituality,Left-Leaning,421,199112,193815,20,9956,1274274,1274274,[TikTok](https://www.tiktok.com/@nononsensespirituality)
The Free Press,Right-Leaning,-62,198704,-113000,35,5677,2223460,2223460,[TikTok](https://www.tiktok.com/@the.free.press)
Grand Ole Evan,Right-Leaning,68,197983,90653,29,6827,1819208,1819208,[TikTok](https://www.tiktok.com/@grand_ole_evan)
Head in the Office,Left-Leaning,33,197962,56753,26,7614,1107084,1107084,[TikTok](https://www.tiktok.com/@headintheoffice)
FUBAR Pac,Left-Leaning,-128,197423,-351222,30,6581,1327610,1327610,[TikTok](https://www.tiktok.com/@fubarpac)
Jon Stewart,Left-Leaning,88,196226,106516,27,7268,1632865,1632865,[TikTok](https://www.tiktok.com/@weeklyshowpodcast)
The Daily Drag,Left-Leaning,557,195404,194177,28,6979,2333518,2333518,[TikTok](https://www.tiktok.com/@thedailydrag)
Nico (Stocking the Capitol),Left-Leaning,383,193209,186035,19,10169,1244034,1244034,[TikTok](https://www.tiktok.com/@stocking_the_capitol)
History Revealed,Neutral,487,190034,187287,6,31672,4148050,4148050,[TikTok](https://www.tiktok.com/@history_revealed)
Monte Mader,Left-Leaning,193,188848,150317,15,12590,1156593,1156593,[TikTok](https://www.tiktok.com/@montemader)
Alexandria Ocasio-Cortez,Left-Leaning,412,187687,182398,9,20854,1239037,1239037,"[TikTok](https://www.tiktok.com/@aoc), [TikTok](https://tiktok.com/@aocinthehouse)"
Builder's Movement,Neutral,29,187549,50603,71,2642,2366189,2366189,[TikTok](https://www.tiktok.com/@buildersmvt)
The Adam Carolla Show,Right-Leaning,-16,186879,-8198,45,4153,3070455,3070455,[TikTok](https://www.tiktok.com/@theadamcarollashow)
"10 Tampa Bay (WTSP, CBS)",Neutral,224,186608,158659,45,4147,4400660,4400660,[TikTok](https://www.tiktok.com/@10tampabay)
Raybay,Left-Leaning,76,186274,94770,28,6653,1016737,1016737,[TikTok](https://www.tiktok.com/@ray_bay_bay)
Abdul El-Sayed,Left-Leaning,67,185257,87818,70,2647,1268527,1268527,[TikTok](https://www.tiktok.com/@abdulelsayed)
Robert Arnold,Left-Leaning,-81,185119,-131944,11,16829,870419,870419,[TikTok](https://www.tiktok.com/@defiance13)
Brian Baez,Left-Leaning,-157,183847,-509493,12,15321,1469992,1469992,[TikTok](https://www.tiktok.com/@mentallydivine)
Nikita Redkar Dumptruck,Left-Leaning,234,183789,159266,17,10811,806405,806405,[TikTok](https://tiktok.com/@nikitadumptruck)
Parker Sedgwick,Left-Leaning,-62,182883,-76304,30,6096,2310195,2310195,[TikTok](https://www.tiktok.com/@parkergetajob)
Brian Entin,Neutral,-70,182297,-100606,25,7292,2588393,2588393,[TikTok](https://www.tiktok.com/@brianentin)
Seattle Aquarium,Left-Leaning,340,182148,172692,2,91074,801357,801357,[TikTok](https://www.tiktok.com/@seattleaquarium_official)
Vicki Chan MD,Left-Leaning,-129,179733,-286218,71,2531,2284294,2284294,[TikTok](https://www.tiktok.com/@vickichanmd)
Black Girls Who Brunch - Erika Harrison,Left-Leaning,4,176115,24085,81,2174,1377761,1377761,[TikTok](https://www.tiktok.com/@blackgirlswhobrunch)
Maggie Gehlsen-Burnett,Left-Leaning,333,170515,160844,26,6558,1336568,1336568,[TikTok](https://www.tiktok.com/@itsmaggieburnett)
Somaya (arguablysomaya),Left-Leaning,-127,169283,-277017,26,6511,807550,807550,[TikTok](https://www.tiktok.com/@arguablysomaya)
Link Lauren,Right-Leaning,-71,168586,-93348,11,15326,909690,909690,[TikTok](https://tiktok.com/@itslinklauren)
Reuben Woodall,Left-Leaning,642,166698,166390,20,8335,851909,851909,[TikTok](https://tiktok.com/@reubenwoodall)
Chris Glover - Generic Art Dad,Left-Leaning,-15,166023,-1270,5,33205,809755,809755,[TikTok](https://tiktok.com/@genericartdad)
Tawni (vintagetawni1),Left-Leaning,57,165559,72137,36,4599,991811,991811,[TikTok](https://www.tiktok.com/@vintagetawni1)
Ben Shapiro,Right-Leaning,57,165060,71922,54,3057,2287976,2287976,[TikTok](https://www.tiktok.com/@real.benshapiro)
Jessica (Ka) Burbank,Left-Leaning,385,164812,159090,9,18312,866849,866849,[TikTok](https://tiktok.com/@kaburbank)
Yassamin Ansari,Left-Leaning,584,160767,160159,10,16077,1315994,1315994,"[TikTok](https://www.tiktok.com/@repyassansari), [TikTok](https://www.tiktok.com/@yassaminansari)"
Just Wayne,Left-Leaning,19,160464,36707,58,2767,907455,907455,[TikTok](https://www.tiktok.com/@justwaynecreative)
Gen-Z for Change,Left-Leaning,11,159783,26013,28,5707,1218304,1218304,[TikTok](https://tiktok.com/@genzforchange)
Qasim Rashid,Left-Leaning,241,159053,140178,36,4418,867074,867074,[TikTok](https://tiktok.com/@qasim.rashid)
Todd,Right-Leaning,62,157622,71837,97,1625,1331838,1331838,[TikTok](https://www.tiktok.com/@toddistalking2.0)
Jamelle Bouie,Left-Leaning,-33,157120,-18539,26,6043,891057,891057,[TikTok](https://tiktok.com/@jamellebouie)
Graham Platner,Left-Leaning,115,156862,101290,61,2572,1066721,1066721,[TikTok](https://www.tiktok.com/@grahamformaine)
Russell Brand,Right-Leaning,551,156712,155890,27,5804,2819078,2819078,[TikTok](https://www.tiktok.com/@russellbrand)
Sunrise Movement,Left-Leaning,156,156521,117017,34,4604,735688,735688,[TikTok](https://tiktok.com/@sunrisemvmt)
Texas Paul,Left-Leaning,14,155855,34873,49,3181,765335,765335,[TikTok](https://www.tiktok.com/@paultx890)
Veterans Hub,Left-Leaning,,154658,,28,5523,612501,612501,[TikTok](https://www.tiktok.com/@veteranshub_)
SaveDemocracyShop,Left-Leaning,407,153564,149336,2,76782,1461294,1461294,[TikTok](https://www.tiktok.com/@savedemocracyshop)
Josh Helfgott,Left-Leaning,6,153502,24592,2,76751,1210093,1210093,[TikTok](https://tiktok.com/@joshhelfgott)
Alexis Rose Hinkley - Traveling Nurse,Left-Leaning,-36,153037,-16026,37,4136,872650,872650,[TikTok](https://www.tiktok.com/@travelingnurse)
Molly,Left-Leaning,286,152721,139914,9,16969,528460,528460,[TikTok](https://tiktok.com/@mollz_martini)
Social Sports,Left-Leaning,470,152369,150273,11,13852,574478,574478,[TikTok](https://www.tiktok.com/@social_sports_)
Rob Smith,Right-Leaning,-17,151951,5940,93,1634,1335336,1335336,[TikTok](https://www.tiktok.com/@cantcancelrobsmith)
Judah thee Glutelord,Left-Leaning,50,151840,66414,52,2920,1067334,1067334,[TikTok](https://www.tiktok.com/@werewolffbarmitzvah)
Last Week Tonight with John Oliver,Left-Leaning,-107,150866,-154920,11,13715,1332914,1332914,[TikTok](https://tiktok.com/@lastweektonighthbo)
Imani Barbarin - Crutches and Spice,Left-Leaning,210,149347,127966,27,5531,844220,844220,[TikTok](https://www.tiktok.com/@crutches_and_spice)
Chez Chuck,Left-Leaning,-136,148870,-215494,16,9304,718973,718973,[TikTok](https://www.tiktok.com/@chezchuck)
Distill Social,Left-Leaning,78,148728,85463,73,2037,1057408,1057408,[TikTok](https://www.tiktok.com/@distillsocial)
Ilhan Omar,Left-Leaning,-287,147834,-2697614,25,5913,2079252,2079252,"[TikTok](https://tiktok.com/@rep_ilhan), [TikTok](https://www.tiktok.com/@ilhanmn)"
celebrities4palestine,Neutral,297,147572,137287,16,9223,874446,874446,[TikTok](https://www.tiktok.com/@celebrities4palestine)
slaythegop,Left-Leaning,-77,147141,-72911,19,7744,773058,773058,[TikTok](https://www.tiktok.com/@slaythegop)
Kiki Rae Real,Left-Leaning,-233,142883,-954887,52,2748,706148,706148,[TikTok](https://www.tiktok.com/@kikiraereal)
"Good Morning, Bad News",Left-Leaning,-162,139808,-316624,8,17476,2580213,2580213,[TikTok](https://www.tiktok.com/@goodmorningbadnews)
Hope Walz,Left-Leaning,6,138087,27529,22,6277,714879,714879,[TikTok](https://www.tiktok.com/@hopewalz)
Mario J Pentn,Right-Leaning,-115,137681,-166158,136,1012,2399317,2399317,[TikTok](https://www.tiktok.com/@mariojpenton)
David Boomer,Left-Leaning,-124,136678,-178663,65,2103,666273,666273,[TikTok](https://tiktok.com/@empathytour)
Econ with Sarah,Left-Leaning,-41,133977,-25988,23,5825,861096,861096,[TikTok](https://www.tiktok.com/@econwithsarah)
Gregory Pittman,Left-Leaning,55,133650,65042,176,759,1106013,1106013,[TikTok](https://www.tiktok.com/@greg_the_uberdriver2)
The Atlantic,Neutral,72,129524,68920,153,847,2071830,2071830,[TikTok](https://www.tiktok.com/@theatlantic)
Jacob Cochrane,Left-Leaning,26,129317,38930,6,21553,591031,591031,[TikTok](https://www.tiktok.com/@freshly_jaked)
Thatonearmedguy,Right-Leaning,432,129288,126616,15,8619,1669252,1669252,[TikTok](https://www.tiktok.com/@thatonearmedguyontiktok)
The Sacramento Bee,Neutral,157,129112,97589,36,3586,1294707,1294707,[TikTok](https://www.tiktok.com/@sacramentobee)
Jeffery Mead,Right-Leaning,-30,128351,-9878,16,8022,896064,896064,[TikTok](https://tiktok.com/@the_jefferymead)
Matt Walsh,Right-Leaning,96,128163,76216,56,2289,2050768,2050768,[TikTok](https://www.tiktok.com/@mattwalsh_)
ABC30 Action News (KFSN),Neutral,53,126875,59563,20,6344,1477643,1477643,[TikTok](https://www.tiktok.com/@abc30_actionnews)
Brad Bernstein,Left-Leaning,31,126786,46093,80,1585,3518442,3518442,[TikTok](https://www.tiktok.com/@bradbernsteinlaw)
Pete Buttigieg,Left-Leaning,-14,124153,6770,5,24831,795689,795689,[TikTok](https://www.tiktok.com/@petebuttigieg)
Ariana Jasmine Afshar,Left-Leaning,-240,123251,-791156,40,3081,1199293,1199293,[TikTok](https://tiktok.com/@arianajasmine___)
It's Always Sunny In DC,Left-Leaning,218,120550,103823,39,3091,658051,658051,[TikTok](https://www.tiktok.com/@itsalwayssunnyindc)
The Woke Ginger,Left-Leaning,-185,120268,-355069,69,1743,1089875,1089875,[TikTok](https://tiktok.com/@thewokeginger)
Jon Ossoff,Left-Leaning,-12,119878,5893,25,4795,1111225,1111225,[TikTok](https://tiktok.com/@jon)
Raging Moderates,Neutral,246,119505,105742,78,1532,1794049,1794049,[TikTok](https://www.tiktok.com/@ragingmoderates)
Both Sides News,Neutral,-73,118436,-56424,64,1851,1285775,1285775,[TikTok](https://www.tiktok.com/@bothsidesnews)
Nick Freitas,Right-Leaning,34,117974,43143,27,4369,918398,918398,[TikTok](https://www.tiktok.com/@nickjfreitas3.0)
WTXF-TV (FOX 29 Philadelphia),Neutral,-33,117082,-13653,26,4503,2366838,2366838,[TikTok](https://www.tiktok.com/@fox29philadelphia)
Jeff Jackson,Left-Leaning,25,115387,36932,1,115387,644373,644373,[TikTok](https://tiktok.com/@jeffjacksonnc)
Drey Dossier,Left-Leaning,,115180,,5,23036,477410,477410,[TikTok](https://www.tiktok.com/@thedreydossier)
The Bravouniverse,Left-Leaning,308,115094,108041,21,5481,480422,480422,[TikTok](https://www.tiktok.com/@thebravouniverse)
Anna Connelly,Left-Leaning,-15,114070,6708,15,7605,626904,626904,[TikTok](https://www.tiktok.com/@annaconnellyiscool)
Ernest Crim III,Left-Leaning,221,112189,96728,45,2493,713751,713751,[TikTok](https://www.tiktok.com/@mrcrim3)
Rewind Blk Culture,Left-Leaning,,111921,,39,2870,753547,753547,[TikTok](https://www.tiktok.com/@rewindblkculture)
Marissa Brooke Alesi,Right-Leaning,184,110524,91125,54,2047,1540742,1540742,[TikTok](https://www.tiktok.com/@riss.alesi)
RogueDNC,Left-Leaning,-247,109977,-715885,235,468,1784885,1784885,[TikTok](https://www.tiktok.com/@theroguednc)
Realafshow,Right-Leaning,250,109106,96997,41,2661,901543,901543,[TikTok](https://www.tiktok.com/@realafshow)
The Knower Of Ball,Left-Leaning,138,105864,75389,51,2076,634977,634977,[TikTok](https://www.tiktok.com/@theknowerofball)
Barrett Adair,Left-Leaning,285,105114,97239,14,7508,383972,383972,[TikTok](https://www.tiktok.com/@barrett.adair?)
Austin (millennial_elder),Left-Leaning,-33,105096,-12258,53,1983,713548,713548,[TikTok](https://www.tiktok.com/@millennial.elder)
The Young Turks,Left-Leaning,-14,103886,4728,8,12986,1326365,1326365,[TikTok](https://www.tiktok.com/@theyoungturks)
FOX 32 Chicago (WFLD),Neutral,-57,103292,-36876,48,2152,2790050,2790050,[TikTok](https://www.tiktok.com/@fox32chicago)
Anthony Kort,Right-Leaning,-93,103275,-79440,53,1949,880682,880682,[TikTok](https://www.tiktok.com/@anthonykort)
JB Pritzker,Left-Leaning,112,102554,65611,28,3663,1133005,1133005,[TikTok](https://tiktok.com/@teamjb_hq)
Auntie Liza Peterson,Neutral,-14,100835,4904,104,970,702763,702763,[TikTok](https://www.tiktok.com/@lizapeterson410)
WMC Action News 5 (Memphis NBC),Neutral,189,100189,82671,14,7156,1411981,1411981,[TikTok](https://www.tiktok.com/@wmcactionnews5)
Citrus Contingency,Left-Leaning,-177,98966,-245346,9,10996,394169,394169,[TikTok](https://www.tiktok.com/@citruscontingency)
Brian Schatz,Left-Leaning,3,97126,16531,4,24282,1382356,1382356,[TikTok](https://www.tiktok.com/@senbrianschatz)
Andrxw (andrewtoworld),Left-Leaning,106,96984,59922,16,6062,659847,659847,[TikTok](https://www.tiktok.com/@andrewtoworld)
Michael Mezz,Left-Leaning,385,92570,89592,10,9257,542439,542439,[TikTok](https://tiktok.com/@michael_mezz)
Fortune Magazine,Neutral,81,92131,46033,46,2003,1608097,1608097,[TikTok](https://www.tiktok.com/@fortune)
Mary L Trump,Left-Leaning,168,87151,67807,36,2421,687124,687124,[TikTok](https://www.tiktok.com/@mltrump)
Brenna Overbay,Right-Leaning,163,86639,66680,8,10830,708121,708121,[TikTok](https://www.tiktok.com/@realbrennabrown)
Maxwell Frost,Left-Leaning,68,86411,38040,23,3757,436395,436395,"[TikTok](https://www.tiktok.com/@repmaxwellfrost), [TikTok](https://tiktok.com/@repmaxwellfrost)"
Sam Schmir,Left-Leaning,78,85263,39228,1,85263,417802,417802,[TikTok](https://www.tiktok.com/@meatball)
Ayanna Pressley,Left-Leaning,67,83849,35496,19,4413,604729,604729,[TikTok](https://www.tiktok.com/@reppressley)
Sheldon Whitehouse,Left-Leaning,-243,82771,-535904,19,4356,653809,653809,[TikTok](https://www.tiktok.com/@senwhitehouse)
Kenny Walden - 2rawtooreal,Left-Leaning,54,82609,30655,29,2849,308564,308564,[TikTok](https://www.tiktok.com/@2rawtooreal2)
Cynthia Nixon,Left-Leaning,462,80213,79088,4,20053,525879,525879,[TikTok](https://www.tiktok.com/@cynthianixon)
Zak Kimball,Left-Leaning,44,80056,26045,15,5337,564749,564749,[TikTok](https://www.tiktok.com/@zak.kimball)
Hail the King,Right-Leaning,-62,79958,-45507,31,2579,395771,395771,[TikTok](https://www.tiktok.com/@hailtheking23)
Jacob Simon,Neutral,-146,79840,-156498,16,4990,349779,349779,[TikTok](https://www.tiktok.com/@jacobsimonsays)
Noa Estrella,Right-Leaning,144,79608,56801,7,11373,632359,632359,[TikTok](https://www.tiktok.com/@dontyounoa)
Salon,Left-Leaning,342,79573,75551,16,4973,399218,399218,[TikTok](https://www.tiktok.com/@salonofficial)
Steven Bonnell II - Destiny,Left-Leaning,-98,79505,-82531,40,1988,1357347,1357347,[TikTok](https://www.tiktok.com/@destinydebates)
Women in America,Left-Leaning,197,77956,63425,14,5568,285132,285132,[TikTok](https://www.tiktok.com/@womeninamerica)
Stuff Keeps Happening,Left-Leaning,-27,77917,-12388,7,11131,340916,340916,[TikTok](https://tiktok.com/@endeavorance)
WFLA News Channel 8,Neutral,-87,75880,-67824,1,75880,6355005,6355005,[TikTok](https://www.tiktok.com/@wfla8)
Trae Crowder,Left-Leaning,89,74079,37413,5,14816,335231,335231,[TikTok](https://tiktok.com/@traecrowder)
Zach Foust,Neutral,-241,72732,-444862,23,3162,433368,433368,[TikTok](https://www.tiktok.com/@zacharyloft)
Che Guerrero,Left-Leaning,202,72690,58981,28,2596,530932,530932,[TikTok](https://www.tiktok.com/@cheguerreroeng)
Benny Johnson,Right-Leaning,-50,71630,-28948,9,7959,823939,823939,"[TikTok](https://tiktok.com/@realbennyjohnson), [TikTok](https://www.tiktok.com/@bennyjohnson)"
AARP,Left-Leaning,203,70814,57637,8,8852,6503497,6503497,[TikTok](https://tiktok.com/@aarp)
The Adam Friedland Show,Left-Leaning,151,70340,51744,12,5862,598516,598516,[TikTok](https://www.tiktok.com/@adamfriedlandshowclips)
Yeganeh Mafaher,Left-Leaning,-119,70308,-99640,12,5859,519127,519127,[TikTok](https://www.tiktok.com/@littleyeg)
Brandon Tatum,Right-Leaning,351,70244,67025,18,3902,869481,869481,[TikTok](https://tiktok.com/@theofficertatum)
Laurenzo Adesso,Left-Leaning,137,69901,49171,4,17475,760595,760595,[TikTok](https://tiktok.com/@adesso.laurenzo)
The Washington Post,Neutral,-186,67813,-237739,5,13563,1158708,1158708,[TikTok](https://tiktok.com/@washingtonpost)
International Fund for Animal Welfare,Left-Leaning,-373,67536,-3267055,13,5195,1828951,1828951,[TikTok](https://www.tiktok.com/@ifawglobal)
Chi Ossé,Left-Leaning,445,67482,66405,7,9640,241580,241580,[TikTok](https://www.tiktok.com/@chi4nyc)
ABC15 Arizona,Neutral,174,67217,51854,11,6111,611728,611728,[TikTok](https://www.tiktok.com/@abc15arizona)
FOX 5 DC (WTTG),Neutral,-167,66799,-169638,29,2303,1129926,1129926,[TikTok](https://www.tiktok.com/@fox5dc)
Robby Roadsteamer,Left-Leaning,-13,65629,-2481,32,2051,517197,517197,[TikTok](https://www.tiktok.com/@roadsteamer)
Rob Schneider,Right-Leaning,247,65172,57795,6,10862,1005872,1005872,[TikTok](https://www.tiktok.com/@robrichmeister)
D.A.R.Y.L.2.0,Left-Leaning,62,65130,25739,146,446,728058,728058,[TikTok](https://tiktok.com/@d.a.r.y.l.2.0)
Adam Kinzinger,Left-Leaning,-94,64933,-69066,53,1225,507621,507621,[TikTok](https://www.tiktok.com/@theadam_kinzinger)
ABC 7 News - WJLA,Neutral,119,64100,40525,334,192,1333836,1333836,[TikTok](https://www.tiktok.com/@7newsdc)
Luke Beasley,Left-Leaning,-86,64013,-58205,18,3556,392514,392514,[TikTok](https://www.tiktok.com/@lukebeasleyofficial)
Magnolia Voices,Left-Leaning,14,63013,8814,46,1370,464027,464027,[TikTok](https://www.tiktok.com/@magnolia.voices)
The Majority Report w/ Sam Seder,Left-Leaning,-23,62908,-5668,16,3932,459415,459415,[TikTok](https://www.tiktok.com/@majorityreportfm)
Kaivan Shroff,Left-Leaning,306,62225,57961,17,3660,584666,584666,[TikTok](https://www.tiktok.com/@kaivanshroff)
CBS News Bay Area,Neutral,25,60379,9370,56,1078,982145,982145,[TikTok](https://www.tiktok.com/@kpixtv)
Loren Piretra,Left-Leaning,-69,60066,-39859,120,501,973265,973265,[TikTok](https://www.tiktok.com/@iamlorenp)
The Kansas City Star,Neutral,6,59486,3090,36,1652,749853,749853,[TikTok](https://www.tiktok.com/@thekansascitystar)
Brownneckbrian,Right-Leaning,-27,57453,-10946,104,552,677274,677274,[TikTok](https://www.tiktok.com/@brownneckbrianaz)
Saikat Chakrabarti,Left-Leaning,56,57218,19667,21,2725,327417,327417,[TikTok](https://www.tiktok.com/@saikatforcongress)
Graham Allen,Right-Leaning,-71,56695,-42615,29,1955,449233,449233,[TikTok](https://www.tiktok.com/@thegrahamallen)
Bo Loudon,Right-Leaning,86,56377,27948,12,4698,538508,538508,[TikTok](https://www.tiktok.com/@boloudon)
Cam Higby,Right-Leaning,-42,55863,-21177,20,2793,534942,534942,[TikTok](https://tiktok.com/@thecamhigby)
The Hill,Neutral,282,55211,50569,38,1453,823353,823353,[TikTok](https://tiktok.com/@thehillpolitics)
Brooker Tee Jones,Right-Leaning,-32,54710,-13624,28,1954,410585,410585,[TikTok](https://www.tiktok.com/@brookerteejones)
Savanna Cannon,Right-Leaning,,54612,,22,2482,830617,830617,[TikTok](https://www.tiktok.com/@savannacannon)
Sound Of Texas,Left-Leaning,-51,54367,-25612,24,2265,211350,211350,[TikTok](https://www.tiktok.com/@soundoftexas)
The Baltimore Sun,Neutral,-122,52995,-90489,212,250,965428,965428,[TikTok](https://www.tiktok.com/@baltimoresun)
Kamehalani Manco,Left-Leaning,-80,52492,-46888,52,1009,384725,384725,[TikTok](https://www.tiktok.com/@kamehalani)
Rachel Cohen,Left-Leaning,34,52369,8800,15,3491,305455,305455,[TikTok](https://www.tiktok.com/@cohen489)
Hakeem Jeffries,Left-Leaning,80,52055,24722,21,2479,753286,753286,[TikTok](https://www.tiktok.com/@leaderjeffries)
ProPublica,Neutral,-344,51818,-1144101,8,6477,406041,406041,[TikTok](https://www.tiktok.com/@ProPublica)
Austin Archer,Left-Leaning,-73,51370,-41541,17,3022,289565,289565,[TikTok](https://www.tiktok.com/@yourpal_austin)
KOMO News,Neutral,133,51363,35396,129,398,669857,669857,[TikTok](https://www.tiktok.com/@komo4seattle)
Bobby Pulido,Left-Leaning,-137,51242,-104722,9,5694,527883,527883,[TikTok](https://www.tiktok.com/@BobbyPulidoforTexas)
Oversight Dems,Left-Leaning,190,50513,40406,13,3886,383148,383148,[TikTok](https://www.tiktok.com/@oversightdems)
Big Bro Uncensored,Left-Leaning,-80,50380,-44162,44,1145,600937,600937,[TikTok](https://www.tiktok.com/@bigbrouncensored)
Haley Lickstein,Left-Leaning,103,49949,30506,34,1469,312165,312165,[TikTok](https://www.tiktok.com/@haleylickstein)
Kat Abughazaleh,Left-Leaning,-276,49327,-419964,7,7047,234276,234276,[TikTok](https://tiktok.com/@katmabu)
Casey Mama Sissie,Left-Leaning,87,49178,25135,51,964,336619,336619,[TikTok](https://tiktok.com/@mamasissiesays)
victoriaalxndr,Left-Leaning,,48824,,6,8137,292948,292948,[TikTok](https://www.tiktok.com/@victoriaalxndr)
Victor Nieves,Right-Leaning,139,48592,33661,28,1735,376631,376631,[TikTok](https://www.tiktok.com/@notvictornieves)
Dave Bondy,Right-Leaning,-56,48546,-24939,33,1471,798225,798225,[TikTok](https://www.tiktok.com/@davebondy)
R. M. S. Thornton,Neutral,-133,48485,-88896,144,337,522654,522654,[TikTok](https://www.tiktok.com/@rmsthornton)
Thatintelguy,Right-Leaning,-77,48471,-39214,26,1864,495949,495949,[TikTok](https://www.tiktok.com/@the.intel.pub)
The Minnesota Star Tribune,Neutral,-90,47900,-46902,50,958,534263,534263,[TikTok](https://www.tiktok.com/@startribune)
Elizabeth Warren,Left-Leaning,-36,46903,-12792,7,6700,264871,264871,[TikTok](https://www.tiktok.com/@elizabethwarren)
PoliticsJOE,Left-Leaning,45,46559,13669,13,3581,713915,713915,[TikTok](https://tiktok.com/@politicsjoe)
Timothy Snyder,Left-Leaning,137,46235,31678,7,6605,316401,316401,[TikTok](https://www.tiktok.com/@timothydsnyder)
In The Know (real.talk.us),Neutral,72,45976,21373,61,754,386545,386545,[TikTok](https://www.tiktok.com/@realtalkus)
More Magical Than Practical,Left-Leaning,-78,45716,-37165,12,3810,207059,207059,[TikTok](https://www.tiktok.com/@moremagicalthanpractical)
Garrison Hayes,Left-Leaning,-31,45475,-11192,3,15158,196702,196702,[TikTok](https://www.tiktok.com/@garrisonhayes)
Wes Moore,Left-Leaning,-65,45183,-26887,10,4518,395316,395316,[TikTok](https://www.tiktok.com/@team.wes)
Tad Stoermer,Left-Leaning,199,45179,37610,10,4518,288145,288145,[TikTok](https://www.tiktok.com/@tadstoermer)
The 'Gander,Left-Leaning,57,45033,17764,24,1876,359057,359057,[TikTok](https://www.tiktok.com/@gandernewsroom)
Full Send Podcast,Right-Leaning,32,44958,11086,12,3747,944522,944522,[TikTok](https://www.tiktok.com/@fullsendpodcast)
Jess Piper,Left-Leaning,-23,44899,-7172,24,1871,196279,196279,[TikTok](https://tiktok.com/@jesspipermo)
Mark Kelly,Left-Leaning,-74,44820,-30157,15,2988,331465,331465,[TikTok](https://www.tiktok.com/@captmarkkelly)
The Trumpest,Right-Leaning,264,44383,40173,86,516,1135144,1135144,[TikTok](https://tiktok.com/@thetrumpest)
TMJ4 News (Milwaukee NBC),Neutral,-55,44344,-17854,13,3411,483964,483964,[TikTok](https://www.tiktok.com/@tmj4news)
JD Vance,Right-Leaning,-183,43634,-127546,4,10909,1215787,1215787,[TikTok](https://www.tiktok.com/@jd)
Muslim Girl,Left-Leaning,153,43568,32143,4,10892,585167,585167,[TikTok](https://www.tiktok.com/@muslimgirl)
Suhas Subramanyam,Left-Leaning,341,43176,41389,9,4797,322707,322707,[TikTok](https://www.tiktok.com/@repsuhas)
Dem Did That,Left-Leaning,252,43144,38779,29,1488,275926,275926,[TikTok](https://www.tiktok.com/@demsdidthat)
Ed Markey,Left-Leaning,-232,43082,-205893,37,1164,537834,537834,"[TikTok](https://tiktok.com/@ed_markey), [TikTok](https://www.tiktok.com/@senmarkey)"
Eliza Orlins,Left-Leaning,-128,42719,-67242,29,1473,460601,460601,[TikTok](https://tiktok.com/@elizaorlins)
Vice News,Left-Leaning,-13,42455,-3874,6,7076,582790,582790,[TikTok](https://tiktok.com/@vicenews)
Conor Lamb,Left-Leaning,87,42353,24431,15,2824,373617,373617,[TikTok](https://www.tiktok.com/@conorlamb_pa)
The Salt Lake Tribune,Neutral,243,42338,37918,5,8468,420110,420110,[TikTok](https://www.tiktok.com/@sltrib)
Cardinal & Pine,Left-Leaning,264,41885,38076,20,2094,233480,233480,[TikTok](https://www.tiktok.com/@CardinalAndPine)
Olivia Julianna,Left-Leaning,-267,41842,-277664,7,5977,303786,303786,[TikTok](https://tiktok.com/@0liviaJulianna)
Bill Maher,Neutral,-37,41790,-10179,13,3215,1276217,1276217,[TikTok](https://www.tiktok.com/@billmaher)
Rachel Gilmore,Left-Leaning,-134,41461,-67447,17,2439,293423,293423,[TikTok](https://www.tiktok.com/@rachel_gilmore)
The Comments Section,Right-Leaning,-25,41159,-6697,14,2940,278001,278001,[TikTok](https://www.tiktok.com/@thecommentssection)
Grandson,Left-Leaning,-339,41091,-608681,9,4566,334357,334357,[TikTok](https://www.tiktok.com/@grandson)
Jake Tapper,Neutral,-17,40347,-4547,23,1754,745634,745634,[TikTok](https://www.tiktok.com/@jaketapper)
Richie Fontaine,Left-Leaning,-296,40330,-360440,4,10083,169017,169017,[TikTok](https://www.tiktok.com/@fontvne)
Kristofer Goldsmith,Left-Leaning,-149,39912,-77971,26,1535,258104,258104,[TikTok](https://www.tiktok.com/@krisgoldsmith85)
Michael Solakiewicz,Right-Leaning,-14,39452,-3658,48,822,1802184,1802184,[TikTok](https://www.tiktok.com/@michaelsolakiewicz)
Gemma Talks,Left-Leaning,-79,38204,-25710,14,2729,322764,322764,[TikTok](https://www.tiktok.com/@gemma_talks)
